Id,"('const', 'aput', 'const')","('const', 'const', 'oke')","('const', 'oke', 'e')","('const', 'oke', 'line')","('direct', 'method', 'locals')","('e', 'const', 'oke')","('e', 'e', 'e')","('e', 'e', 'oke')","('e', 'if', 'line')","('e', 'line', 'local')","('e', 'oke', 'e')","('e', 'oke', 'line')","('end', 'class', 'super')","('end', 'method', 'end')","('end', 'method', 'locals')","('field', 'field', 'field')","('goto', 'end', 'method')","('if', 'line', 'oke')","('iget', 'oke', 'e')","('iget', 'oke', 'line')","('line', 'const', 'oke')","('line', 'iget', 'oke')","('line', 'instance', 'oke')","('line', 'iput', 'line')","('line', 'local', 'const')","('line', 'oke', 'e')","('line', 'oke', 'line')","('line', 'return', 'end')","('locals', 'parameter', 'parameter')","('locals', 'parameter', 'prologue')","('locals', 'prologue', 'line')","('method', 'end', 'method')","('method', 'locals', 'parameter')","('method', 'locals', 'prologue')","('oke', 'e', 'check')","('oke', 'e', 'const')","('oke', 'e', 'e')","('oke', 'e', 'if')","('oke', 'e', 'line')","('oke', 'e', 'oke')","('oke', 'line', 'const')","('oke', 'line', 'iget')","('oke', 'line', 'oke')","('oke', 'line', 'return')","('oke', 'return', 'end')","('parameter', 'parameter', 'prologue')","('parameter', 'prologue', 'line')","('prologue', 'line', 'iget')","('prologue', 'line', 'oke')","('return', 'end', 'method')"
VirusShare_0a625d44f97831f09669d73e0a0ae292,0.0,0.00108295429933,0.0223088585662,0.00346545375785,0.00519818063678,0.00996317955382,0.0259909031839,0.0407190816548,0.0110461338532,0.0125622698722,0.0528481698072,0.0173272687893,0.00498158977691,0.0,0.0149447693307,0.0175438596491,0.00194931773879,0.00238249945852,0.0075806800953,0.00433181719731,0.00389863547758,0.00779727095517,0.00281568117825,0.00368204461772,0.00606454407624,0.00433181719731,0.00974658869396,0.00649772579597,0.00194931773879,0.0082304526749,0.0101797704137,0.0,0.011262724713,0.0116959064327,0.00628113493611,0.00151613601906,0.0175438596491,0.0142949967511,0.0125622698722,0.0400693090752,0.00173272687893,0.00411522633745,0.00498158977691,0.0075806800953,0.00606454407624,0.00173272687893,0.00931340697423,0.00671431665584,0.00736408923543,0.0121290881525
VirusShare_0a1f0f27804db4d17384f1e297cad11f,0.0013476098302,0.00328326758631,0.025286060814,0.0084531889349,0.00296474162644,0.00833067895033,0.0123000024502,0.0145051821723,0.00676255114792,0.00950677480215,0.0215617572832,0.00923725283611,0.00311175360792,9.8007987651e-05,0.0114179305613,0.0187195256413,0.00213167373141,0.00318525959866,0.0107808786416,0.00306274961409,0.00896773087007,0.0061500012251,0.00392031950604,0.00563545928993,0.00389581750913,0.00928625682993,0.00698306912013,0.00502290936711,0.00301374562027,0.0074976110553,0.00377330752456,9.8007987651e-05,0.0105113566756,0.00441035944429,0.00171513978389,0.00784063901208,0.00340577757087,0.0155342660427,0.022198809203,0.0183029916938,0.00509641535785,0.00436135545047,0.00553745130228,0.00343027956778,0.00267071766349,0.00298924362336,0.00918824884228,0.00382231151839,0.00240119569745,0.00820816896577
VirusShare_0a7a631b5ad0c7c8013adba356597264,0.000670091579182,0.00826446280992,0.0261335715881,0.0129551038642,0.00558409649319,0.0113915568461,0.00134018315836,0.00424391333482,0.0100513736877,0.014742014742,0.0357382175564,0.0102747375475,0.00536073263346,0.0,0.0203261112352,0.0100513736877,0.00603082421264,0.00714764351128,0.0116149207058,0.002457002457,0.0089345543891,0.00625418807237,0.00848782666964,0.00357382175564,0.00692427965155,0.0156354701809,0.00960464596828,0.00804109895019,0.00536073263346,0.0129551038642,0.00915791824883,0.0,0.0183158364977,0.00982800982801,0.00759437123073,0.0129551038642,0.00156354701809,0.0113915568461,0.0140719231628,0.0448961358052,0.00692427965155,0.00402054947509,0.0113915568461,0.00625418807237,0.00379718561537,0.00469064105428,0.0156354701809,0.00871119052937,0.00625418807237,0.0140719231628
VirusShare_0a7c1c13cd74a78e5791b9283acab325,0.002342767494,0.00309564968686,0.0137369454854,0.00649834071494,0.00385413994075,0.0043546593874,0.00316294641918,0.00392564271884,0.00704232263455,0.00716850400766,0.0169713946827,0.00778539072062,0.00424390018212,0.00115806460206,0.0232566290786,0.0101828368096,0.00543280911983,0.00516081816002,0.011091342696,0.00538373858584,0.006979231948,0.00939350222009,0.0053234519298,0.00769566174419,0.0040307938631,0.0129938773994,0.00705494077187,0.00888737471241,0.00816393483994,0.00906963669579,0.00760593276776,0.00115245654103,0.018851497142,0.00845415199808,0.00322463509048,0.00562348319474,0.00156885507228,0.0098113027666,0.0114362384491,0.0226663806556,0.00505847104628,0.00598099708521,0.00473320350672,0.00638898352492,0.00311667991571,0.00555057840139,0.0129307867128,0.00681099011719,0.0061043744278,0.016503121587
VirusShare_00dae4891ec42800cb0bf079271c3d71,0.00147251186605,0.00280300482117,0.0148322557337,0.00502298463953,0.00380959499695,0.00561846744154,0.00294751529195,0.0026834099488,0.00652290366384,0.00979681329496,0.0190803652627,0.0061865430853,0.00434029724309,0.00175654968793,0.0246191027893,0.00983916981226,0.00434528036277,0.00558607716361,0.0116555169364,0.00399895354487,0.00583025002803,0.00812746820147,0.00443248495721,0.00654034458273,0.0040313438228,0.012726887668,0.00802282268814,0.00993135752638,0.00862079704999,0.00827696179193,0.0093981637204,0.00175904124777,0.0197132214623,0.0103399733403,0.00397403794646,0.00688417984079,0.00152732618256,0.0085784405327,0.0117576708899,0.0239314322732,0.00386939243313,0.00476386241607,0.00461187726576,0.00626128988053,0.00287526005656,0.00399895354487,0.0110425932155,0.00775124266547,0.00679946680619,0.0187315468849
VirusShare_0a21a78ef26110dcbbdffd0fba660cee,0.0,0.00737577639752,0.0297942546584,0.0128105590062,0.0054347826087,0.0075698757764,0.00883152173913,0.0169836956522,0.0097049689441,0.0182453416149,0.0383346273292,0.0108695652174,0.00562888198758,0.000388198757764,0.0173718944099,0.0186335403727,0.00281444099379,0.00397903726708,0.00650232919255,0.0037849378882,0.0116459627329,0.00611413043478,0.00436723602484,0.00262034161491,0.0109666149068,0.0116459627329,0.0117430124224,0.00844332298137,0.00621118012422,0.00931677018634,0.00883152173913,0.000291149068323,0.0161102484472,0.00960791925466,0.00553183229814,0.00718167701863,0.0128105590062,0.0131017080745,0.0205745341615,0.0363936335404,0.0080551242236,0.00475543478261,0.0105784161491,0.00883152173913,0.00494953416149,0.00562888198758,0.0125194099379,0.00504658385093,0.00795807453416,0.0136840062112
VirusShare_00a4d3a5760a79356a545e68def552dd,0.0,0.00720231970817,0.0288092788327,0.0130951267421,0.00533158731643,0.00738939294734,0.0110373211112,0.0193620802544,0.00954073519783,0.0191750070152,0.042091478814,0.010850247872,0.00551866055561,0.000374146478346,0.0170236647648,0.0190814703957,0.00271256196801,0.00336731830512,0.00645402675147,0.00355439154429,0.0115985408287,0.00607988027313,0.00411561126181,0.00243195210925,0.0116920774483,0.0115050042091,0.01131793097,0.00841829576279,0.00654756337106,0.00888597886072,0.00869890562155,0.00028060985876,0.0159947619493,0.00926012533907,0.00477036759891,0.00701524646899,0.0150593957534,0.0122532971658,0.0213263492657,0.0376952576934,0.00823122252362,0.00467683097933,0.0103825647741,0.00879244224114,0.0048639042185,0.00598634365354,0.0123468337854,0.00467683097933,0.00813768590403,0.0134692732205
yingyongbao_18367621F392BF9AAA49AC4F2BAE2F18,0.00172812207414,0.00436014661647,0.0153912428534,0.0,0.00516444550688,0.00472369967529,0.00361062969382,0.00129235642144,0.0,0.0,0.0202718181637,0.0,0.00560270124903,0.00107073846093,0.0371994462041,0.0253192294667,0.00754497101536,0.0,0.0167085001693,0.0,0.0,0.0,0.0,0.0,0.0,0.0,0.0,0.0,0.0,0.0,0.0,0.00109563935537,0.0,0.0,0.00608079842228,0.00767943584534,0.00137701946254,0.0169849000976,0.0,0.0287829438833,0.0,0.0,0.0,0.0,0.0157249148389,0.0,0.0,0.0,0.0,0.0278541405207
yingyongbao_0334EBAA797A397CE1A6AC4B97083C7B,0.00128360708565,0.00358128173828,0.0127803660227,0.0060466698692,0.00451448744964,0.00375438600695,0.00210839801283,0.00247976357191,0.00871810598773,0.0100951534399,0.0158818674177,0.00680197949823,0.00524044721997,0.00176638231246,0.020616778296,0.0152020288539,0.00470196715931,0.00536743028211,0.0102299231992,0.00514161606312,0.00549381436753,0.00822874201714,0.00476066687671,0.00510867234417,0.00442763582695,0.0119070579821,0.00732129230423,0.00936140697233,0.00759622261329,0.0030493904214,0.00358727150536,0.00178255468358,0.0177518727007,0.00406106208154,0.00384782637342,0.00539198832714,0.00146749293507,0.0116752539961,0.0106779577769,0.0381895569609,0.00514880378362,0.00492179161121,0.00525781754451,0.00702539781038,0.00332072687021,0.00272594299898,0.00520151373394,0.00534287223707,0.00721227854334,0.0148007144594
VirusShare_0a62fe1dae895db853502b4ce7e58147,0.0,0.00679062247373,0.0210185933711,0.00889248181083,0.00598221503638,0.00646725949879,0.00258690379951,0.00468876313662,0.00873080032336,0.0156831042846,0.0355699272433,0.0116410670978,0.00598221503638,0.000323362974939,0.0224737267583,0.0101859337106,0.00517380759903,0.00339531123686,0.0168148746968,0.00307194826192,0.00646725949879,0.0090541632983,0.00743734842361,0.00646725949879,0.00565885206144,0.0129345189976,0.0109943411479,0.0101859337106,0.0069523039612,0.0108326596605,0.013096200485,0.000323362974939,0.0177849636217,0.0140662894099,0.00679062247373,0.0100242522231,0.00258690379951,0.00970088924818,0.0143896523848,0.0441390460792,0.00517380759903,0.00468876313662,0.00970088924818,0.00679062247373,0.00339531123686,0.00630557801132,0.0155214227971,0.0109943411479,0.00889248181083,0.0171382376718
VirusShare_0a497b762ee12a685d73df9d9ee800dd,0.00116009280742,0.00232018561485,0.0139211136891,0.00232018561485,0.00324825986079,0.00116009280742,0.014849187935,0.0199535962877,0.0102088167053,0.0169373549884,0.0164733178654,0.0113689095128,0.0030162412993,0.0,0.0146171693735,0.00742459396752,0.00719257540603,0.00371229698376,0.00742459396752,0.00255220417633,0.00533642691415,0.00649651972158,0.00696055684455,0.0113689095128,0.0192575406032,0.00649651972158,0.00440835266821,0.00603248259861,0.00208816705336,0.00626450116009,0.00881670533643,0.0,0.00881670533643,0.0104408352668,0.00997679814385,0.00208816705336,0.00603248259861,0.007656612529,0.0176334106729,0.00997679814385,0.00556844547564,0.000232018561485,0.00232018561485,0.00348027842227,0.00208816705336,0.00162412993039,0.00626450116009,0.00510440835267,0.00348027842227,0.00719257540603
yingyongbao_07CCDF1D0D94E0CF1F174FF619278EF9,0.0,0.00258064516129,0.0283870967742,0.00258064516129,0.00258064516129,0.0141935483871,0.0,0.0,0.0129032258065,0.0,0.0193548387097,0.00387096774194,0.00129032258065,0.0890322580645,0.0141935483871,0.00387096774194,0.0103225806452,0.0116129032258,0.0,0.0,0.0103225806452,0.0,0.0154838709677,0.0,0.0,0.0283870967742,0.0167741935484,0.0,0.00258064516129,0.00258064516129,0.0103225806452,0.0877419354839,0.00516129032258,0.0129032258065,0.00129032258065,0.0141935483871,0.0,0.0167741935484,0.0258064516129,0.0258064516129,0.00129032258065,0.0,0.0167741935484,0.00387096774194,0.00258064516129,0.00258064516129,0.00129032258065,0.0,0.00387096774194,0.00516129032258
yingyongbao_1101D20FDF0ACFB04134816BE811313C,0.000391060707731,0.00351065862622,0.0116799760623,0.00753828765774,0.00480382528474,0.00375062769687,0.00259077718872,0.00253596943801,0.0063191855272,0.00836484778999,0.0141078112895,0.00661099976744,0.0055163260439,0.00206195645895,0.0260573822337,0.0106223346028,0.00500083692917,0.0045964446064,0.0127568742992,0.0069679907923,0.00563927316035,0.0102327551856,0.00458607557248,0.00446312845604,0.00387653739444,0.0128931530306,0.00794119868995,0.0107808326927,0.00903290983236,0.0109393307826,0.00758717024621,0.00207528807398,0.0209424859314,0.00838558585782,0.00431944327176,0.00594293772506,0.00121465825886,0.0095558053999,0.0105364197503,0.0194152753645,0.005021574997,0.00658878040904,0.00551780733446,0.00915881952993,0.00493269756343,0.00775603737,0.0167578401006,0.00732794439828,0.00762420251019,0.0199929786827
yingyongbao_03AF3D3E4C96C9D1ACAFED4225524ADA,0.000304129946432,0.00277311214792,0.0161700362882,0.00786314152411,0.00400069120442,0.00359149818559,0.00284499740798,0.00122481423881,0.00723967513392,0.0,0.0130623811992,0.00659132538448,0.00457162605841,0.00206531881804,0.0315161569034,0.0114629341628,0.00578814584413,0.00530430274754,0.0148899256955,0.00923863832729,0.0113274580957,0.0158852600657,0.00696042854674,0.00588214964576,0.0,0.018735787109,0.0126089510973,0.0139485052704,0.0100072576464,0.0126283048212,0.00924831518922,0.00206255400035,0.024489372732,0.0104772766546,0.00529186106791,0.00486054950752,0.00102436495594,0.0108214964576,0.0116882668049,0.0200656644203,0.0054605149473,0.0104053913945,0.0073585622948,0.0117836530154,0.0042274062554,0.00839536893036,0.0184275099361,0.00974321755659,0.00976948332469,0.0244188698808
yingyongbao_0621EDDFD6C007FFC6E08E0759D0AC03,0.00162337662338,0.0,0.0170454545455,0.00649350649351,0.00649350649351,0.00649350649351,0.00487012987013,0.0137987012987,0.0105519480519,0.0211038961039,0.0340909090909,0.0105519480519,0.00568181818182,0.00649350649351,0.0146103896104,0.00974025974026,0.00568181818182,0.00730519480519,0.000811688311688,0.000811688311688,0.00649350649351,0.000811688311688,0.00811688311688,0.00162337662338,0.0105519480519,0.0219155844156,0.0154220779221,0.00649350649351,0.00487012987013,0.00974025974026,0.00974025974026,0.00649350649351,0.0146103896104,0.00974025974026,0.00324675324675,0.00892857142857,0.00568181818182,0.00811688311688,0.0275974025974,0.0308441558442,0.00487012987013,0.00162337662338,0.0154220779221,0.00405844155844,0.00649350649351,0.00487012987013,0.0137987012987,0.0,0.00811688311688,0.00892857142857
yingyongbao_067F927790FD7A7916CA32F9905AB417,0.000841899765122,0.00386785834121,0.0133764451087,0.00743556111399,0.00446572918891,0.00437909892322,0.0012616295031,0.000996858127688,0.00694628313455,0.00655705701126,0.0168343348687,0.0075490345606,0.0051587713144,0.00217429765427,0.028888143245,0.0165537016136,0.00532837141201,0.00449623280359,0.0116597016746,0.00773449653784,0.00679742549492,0.0124198517524,0.00537229661715,0.00737089345087,0.0030064362627,0.0146539364915,0.00906933471616,0.0122282890523,0.0081932709026,0.012994539853,0.0105371686545,0.00217063722051,0.0224738431504,0.0117365707836,0.00463532928652,0.00641430009456,0.000588109690998,0.00963548180459,0.00929872189854,0.0255998535826,0.00553701613641,0.00807857731141,0.00691821980905,0.00858371717048,0.00379220937681,0.00658268004759,0.0175725223439,0.00803099167251,0.0080700362993,0.0203703138822
VirusShare_00d02accebb3e24bd7fd6a22170a00f8,0.0,0.00267320115839,0.0240588104255,0.00311873468479,0.00311873468479,0.0149253731343,0.039206950323,0.0623746936957,0.00490086879038,0.00601470260637,0.0372020494542,0.0111383381599,0.00289596792159,0.0,0.00445533526398,0.0213856092671,0.00111383381599,0.00178213410559,0.00334150144798,0.00222766763199,0.00400980173758,0.00311873468479,0.00400980173758,0.000668300289597,0.0204945422143,0.00556916907997,0.00579193584317,0.00155936734239,0.00111383381599,0.00245043439519,0.00378703497438,0.0,0.00445533526398,0.00400980173758,0.00378703497438,0.00178213410559,0.0222766763199,0.0178213410559,0.00779683671196,0.00378703497438,0.00334150144798,0.00245043439519,0.00311873468479,0.00200490086879,0.00289596792159,0.000891067052796,0.00289596792159,0.000668300289597,0.00490086879038,0.00267320115839
yingyongbao_0DC7324ADA938C509F9E764B9EE5998B,0.00137330531431,0.00307728100627,0.0145785783759,0.00739107534653,0.00432133405571,0.00473601840552,0.00337025280666,0.00266582796308,0.00689991674,0.0066058678374,0.016454890421,0.00786823162437,0.00487604169247,0.00256350325339,0.0255833316279,0.0145645760472,0.0056461697707,0.00403051645974,0.0140971136892,0.00746108699001,0.00631181893481,0.011763033206,0.00498159770879,0.00622780496264,0.00374723857922,0.0117113323,0.00745139307014,0.0103218704526,0.0086394368048,0.0112891082348,0.0073426057472,0.0025656574578,0.0209442524211,0.00829260989405,0.00524117934075,0.00637105955621,0.00117081009934,0.00998581456393,0.00932016539981,0.0235034472656,0.00554815346983,0.00888824741469,0.00547491051973,0.00761511260565,0.00440427092567,0.0076366546498,0.0168060257406,0.00699362463203,0.00696131156582,0.0188589825477
VirusShare_0ab1386c664135e6f8d9cd2ee0315b61,0.00551363900174,0.0040626813697,0.0159605339524,0.00928612884504,0.00667440510737,0.00261172373767,0.000870574579222,0.000580383052815,0.00725478816019,0.0136390017411,0.00696459663378,0.00870574579222,0.00638421358096,0.0,0.0127684271619,0.0127684271619,0.00261172373767,0.00232153221126,0.0133488102147,0.00261172373767,0.00986651189785,0.00696459663378,0.00493325594893,0.00580383052815,0.0101567034243,0.00696459663378,0.00928612884504,0.00725478816019,0.00522344747533,0.0101567034243,0.00754497968659,0.0,0.0153801508996,0.00812536273941,0.00667440510737,0.00493325594893,0.00174114915844,0.00696459663378,0.014219384794,0.0133488102147,0.00696459663378,0.00435287289611,0.00493325594893,0.00638421358096,0.00522344747533,0.00464306442252,0.0139291932676,0.00580383052815,0.00638421358096,0.00957632037145
yingyongbao_0ACC2CD8FDF204060F4862E93C1B7BA0,0.00365995812455,0.00667355383315,0.0217995392596,0.0,0.00631170136951,0.00914022749747,0.00399142603017,0.00119052222769,0.0,0.0,0.025771629662,0.0,0.00707131531989,0.00315446956848,0.0342130123251,0.020260975731,0.00685862341379,0.0,0.0207719887522,0.0,0.0,0.0,0.0,0.0,0.0,0.0,0.0,0.0,0.0,0.0,0.0,0.00311856054538,0.0,0.0,0.00620673653274,0.0118195930679,0.000897725577721,0.0179407003917,0.0,0.0402899239281,0.0,0.0,0.0,0.0,0.0148580488694,0.0,0.0,0.0,0.0,0.0260506151492
yingyongbao_16EC3F95181A72DF98D4BCC56F108049,0.00103505593381,0.00385809026232,0.0135254107082,0.00742214985706,0.00360145077791,0.00434417564338,0.0019409423258,0.000778416449401,0.0077246785208,0.0,0.0157535853046,0.00651796306431,0.00396346541486,0.00170129883374,0.0327988660274,0.0172849242149,0.00609816205339,0.00552539711136,0.0111306753867,0.00662333821685,0.0084979961725,0.0130444241248,0.00696835686145,0.00600298449626,0.0,0.0233439954859,0.0116694483441,0.0101636034223,0.00847590138245,0.013872128952,0.0122014229045,0.00169620003603,0.0231689367647,0.0135628018913,0.0061627468243,0.00593670012611,0.000859997212657,0.0112309517416,0.0114569984398,0.0232267231387,0.00622563199598,0.00857787733652,0.00826855027584,0.00831443945518,0.00318674856469,0.00751222861649,0.0189947210448,0.00919653145788,0.0109199250817,0.0228154201239
yingyongbao_0423E321CC97F4BB5740FF2A22E0C611,0.000668592464585,0.00561294157769,0.0206495321875,0.0127019088584,0.00488369052257,0.00604968342956,0.00282264641299,0.00168091694221,0.00782091427324,0.0,0.0204567726664,0.00994261697335,0.00523281441032,0.000954361824449,0.0276495335354,0.018827078534,0.00498748411082,0.00489717020935,0.0148492229635,0.00839784486768,0.0149664962385,0.0158750271279,0.0087617964109,0.00583400844098,0.0,0.0230853115897,0.0112973254953,0.013060468527,0.00782765411663,0.0145931089145,0.00967437120631,0.000985365104056,0.0224638980289,0.0107931852095,0.00562911720183,0.00754862460016,0.00125765477713,0.011521088296,0.0150379385785,0.0307700810264,0.0105640305342,0.0104022742928,0.0100450625929,0.0103456596083,0.00439437789224,0.00780204271174,0.0196493394279,0.00791392411206,0.00796379895317,0.021721167287
VirusShare_0a4a42ca12a3b2690d598f3243c954db,0.00268267756771,0.014690853347,0.0760091977517,0.0,0.00383239652529,0.0237608584568,0.00191619826265,0.00102197240675,0.0,0.0,0.0540367910066,0.0,0.00370464997445,0.0,0.00485436893204,0.00677056719469,0.00268267756771,0.0,0.00114971895759,0.0,0.0,0.0,0.0,0.0,0.0,0.0,0.0,0.0,0.0,0.0,0.0,0.0,0.0,0.0,0.00804803270312,0.0533980582524,0.00127746550843,0.00919775166071,0.0,0.0708993357179,0.0,0.0,0.0,0.0,0.00242718446602,0.0,0.0,0.0,0.0,0.00217169136433
yingyongbao_023C9CBE2AFC17C2396762FCE9005EDF,0.000919180694462,0.00420490869929,0.0145344222391,0.0082285290953,0.00479483063753,0.00481540930979,0.00266346815303,0.00101521449836,0.00710650148852,0.0,0.0155917740187,0.00659203468192,0.00529459839251,0.00156985871272,0.0277371104016,0.0124138390591,0.00546216758095,0.00610598604178,0.0142668994996,0.00779245723066,0.00896936129681,0.0148313430817,0.00711042123562,0.00618340104696,0.0,0.0215811475844,0.0104921830443,0.0118013785751,0.00961317975764,0.0124393174152,0.00924864327754,0.00158161795401,0.0229961762867,0.0104608250676,0.00454592669681,0.00637350878121,0.000905461579619,0.0103500922121,0.0133075413974,0.0232979968132,0.00627551510377,0.00971411324541,0.00757491126673,0.00920552605946,0.00497709887758,0.00826478675596,0.0183375568608,0.00854798848378,0.00869889874705,0.0212077916733
yingyongbao_1186C1C2D1B9389E578EAA2327C95560,0.0,0.00286532951289,0.0315186246418,0.00286532951289,0.00286532951289,0.0157593123209,0.0,0.0,0.0143266475645,0.0,0.0214899713467,0.00429799426934,0.00143266475645,0.0444126074499,0.0157593123209,0.00429799426934,0.0114613180516,0.012893982808,0.0,0.0,0.0114613180516,0.0,0.0171919770774,0.0,0.0,0.0315186246418,0.0186246418338,0.0,0.00286532951289,0.00286532951289,0.0114613180516,0.0429799426934,0.00573065902579,0.0143266475645,0.00143266475645,0.0157593123209,0.0,0.0186246418338,0.0286532951289,0.0286532951289,0.00143266475645,0.0,0.0186246418338,0.00429799426934,0.00286532951289,0.00286532951289,0.00143266475645,0.0,0.00429799426934,0.00573065902579
VirusShare_0a72eabc7599f2441463a3f65d981650,0.000585436336912,0.00470840287985,0.0213746543434,0.0079843551481,0.00391121297427,0.00785979422536,0.00696295558157,0.00747365536484,0.00526892703221,0.00641488752149,0.0221220198799,0.00698786776612,0.00407314217384,0.000323858399143,0.0235793826761,0.0146857327919,0.00516927829401,0.0013328018734,0.0138760867941,0.00407314217384,0.00624050222964,0.00545576841633,0.00439700057298,0.00484541989487,0.00266560374679,0.00554296106226,0.00523155875539,0.00607857303007,0.00389875688199,0.00650208016741,0.00412296654294,0.000286490122319,0.0105503101567,0.00475822724895,0.00419770309658,0.00898084253008,0.00204279913306,0.012194514337,0.0119827607683,0.0279390149722,0.00397349343564,0.00707506041205,0.00382402032834,0.00435963229616,0.00550559278543,0.00348770583692,0.00864452803866,0.00372437159014,0.00322612789916,0.0169651976782
yingyongbao_10515F0D29E87B15273C4B74448F655A,0.001300833644,0.00466220188127,0.0162912668762,0.00869690135433,0.00313310542305,0.0044154312713,0.00156611204972,0.000629265055431,0.00893221475741,0.0,0.0149816199962,0.00680029295197,0.00362840929021,0.00211782062773,0.0288360270989,0.0189105606364,0.00587402184096,0.0056413524087,0.0115435766051,0.00842016574172,0.0109002103719,0.0133811363258,0.00693689811106,0.00613930024668,0.0,0.023868005926,0.0111258292153,0.0116889950003,0.0077679862725,0.0104410407727,0.0105644260777,0.00213280312905,0.019709921148,0.0120221353237,0.00643983159669,0.00577795756779,0.00057286034458,0.012061794886,0.0116369969074,0.023114474242,0.00639488409273,0.00994309293469,0.00924949125595,0.00800065570476,0.00319303542833,0.00595157831838,0.0145145184844,0.00805089115037,0.00931382787926,0.0215809711657
yingyongbao_16BAA69E4ECF04BAB81E6D67843E64B3,0.00105773218271,0.00322379983807,0.0118312960367,0.00813849009657,0.00505786054227,0.00357925709433,0.00155882817591,0.000807184186102,0.006819101878,0.0,0.0123015363653,0.00657719346749,0.00562313631786,0.00168101660775,0.0283230316554,0.0146046031715,0.00515659866901,0.0048048440925,0.0133321155631,0.009280149687,0.00872845040384,0.0151439601888,0.00657719346749,0.00635503268232,0.0,0.0190206658899,0.0110265803037,0.0134049349316,0.00866797330121,0.0130753964336,0.0100219198641,0.0016933588736,0.0233713145994,0.0111932008926,0.0050948873398,0.00505415786252,0.000808418412686,0.0100515413022,0.0108007168388,0.0195711309465,0.00587985544738,0.0103452872292,0.00749422381959,0.0103897193862,0.00436792788167,0.00697831710737,0.0177037461245,0.00889260253954,0.00971212899149,0.0217581804538
yingyongbao_02FFCBE831FE2AE2414F0BAAF023C005,0.00091352314092,0.00354015204063,0.0176947633335,0.00988883802655,0.00215687411171,0.00566104493454,0.00219685324261,0.000909525227831,0.00988084220037,0.0,0.0175188551576,0.00810576878869,0.00234677498346,0.00103545949015,0.0275316284899,0.0145044286882,0.00643863903043,0.00835363940023,0.0118478154403,0.0105564895125,0.0125434523179,0.015681814093,0.00807378548398,0.00933512706367,0.0,0.0257405634259,0.0142785465987,0.0109422881256,0.0074840933033,0.0117178832649,0.00801781470073,0.00105345009905,0.0198096593578,0.0102866303789,0.0066565252938,0.00724821643102,0.000859551314214,0.0144844391228,0.0138987448552,0.0262243109097,0.0080477990489,0.0123615472723,0.0126453991017,0.00954301854432,0.00223083550387,0.0067864574692,0.0153519862632,0.00741013191114,0.0072562122572,0.0196477438777
yingyongbao_0D2711DD4BD1F30D9AD62256A0F257E1,0.0,0.00278940027894,0.0306834030683,0.00278940027894,0.00278940027894,0.0153417015342,0.0,0.0,0.0139470013947,0.0,0.0209205020921,0.00418410041841,0.00139470013947,0.0557880055788,0.0153417015342,0.00418410041841,0.0111576011158,0.0125523012552,0.0,0.0,0.0111576011158,0.0,0.0167364016736,0.0,0.0,0.0306834030683,0.0181311018131,0.0,0.00278940027894,0.00278940027894,0.0111576011158,0.0543933054393,0.00557880055788,0.0139470013947,0.00139470013947,0.0153417015342,0.0,0.0181311018131,0.0278940027894,0.0278940027894,0.00139470013947,0.0,0.0181311018131,0.00418410041841,0.00278940027894,0.00278940027894,0.00139470013947,0.0,0.00418410041841,0.00557880055788
VirusShare_0a7879fd071f5e6ea2ebbad94dcd3570,0.0,0.0032310177706,0.0261712439418,0.00710823909532,0.00613893376414,0.00597738287561,0.013731825525,0.0252019386107,0.00904684975767,0.0142164781906,0.0431340872375,0.00969305331179,0.00630048465267,0.0,0.0166397415186,0.0255250403877,0.00306946688207,0.00258481421648,0.0111470113086,0.00662358642973,0.00856219709208,0.01098546042,0.00403877221325,0.00355411954766,0.00840064620355,0.00969305331179,0.00969305331179,0.00807754442649,0.00452342487884,0.00985460420032,0.0101777059774,0.0,0.0147011308562,0.0116316639742,0.00775444264943,0.0048465266559,0.0203554119548,0.0132471728595,0.0184168012924,0.0327948303716,0.00516962843296,0.0075928917609,0.00775444264943,0.00872374798061,0.00662358642973,0.00420032310178,0.0117932148627,0.00694668820679,0.00775444264943,0.0132471728595
VirusShare_0a2374bd641266a6df4a83514cedecfe,0.0,0.0046600877193,0.0230263157895,0.00726425438596,0.00534539473684,0.00644188596491,0.0283717105263,0.0401589912281,0.0100054824561,0.0135690789474,0.0553728070175,0.015899122807,0.00520833333333,0.000137061403509,0.0145285087719,0.0202850877193,0.00260416666667,0.00274122807018,0.00753837719298,0.00452302631579,0.00561951754386,0.00740131578947,0.00548245614035,0.00274122807018,0.00959429824561,0.00808662280702,0.00904605263158,0.00712719298246,0.00548245614035,0.0078125,0.0078125,0.000274122807018,0.0137061403509,0.00904605263158,0.00575657894737,0.00356359649123,0.0297423245614,0.0115131578947,0.0152138157895,0.0378289473684,0.00356359649123,0.00507127192982,0.00685307017544,0.00726425438596,0.00548245614035,0.00438596491228,0.0102796052632,0.00520833333333,0.00644188596491,0.0115131578947
VirusShare_00cf9dbf2c024ad6602b1e33d71fbdc6,0.0313447927199,0.0010111223458,0.0197168857432,0.00505561172902,0.00480283114257,0.00429726996967,0.0010111223458,0.00455005055612,0.0126390293225,0.0136501516684,0.0182002022245,0.0118806875632,0.00455005055612,0.0,0.0118806875632,0.0164307381193,0.00252780586451,0.00227502527806,0.0103640040445,0.00328614762386,0.00935288169869,0.00733063700708,0.00455005055612,0.00480283114257,0.00960566228514,0.00859453993933,0.00960566228514,0.00455005055612,0.00505561172902,0.00606673407482,0.00606673407482,0.0,0.0121334681496,0.00733063700708,0.00480283114257,0.00657229524772,0.00606673407482,0.010111223458,0.0159251769464,0.012891809909,0.00859453993933,0.00455005055612,0.00910010111223,0.00556117290192,0.00556117290192,0.00429726996967,0.010111223458,0.00353892821031,0.00606673407482,0.00884732052578
VirusShare_00ff3d45e288d65eb73efb9060805a83,0.0,0.0046600877193,0.0230263157895,0.00726425438596,0.00534539473684,0.00644188596491,0.0283717105263,0.0401589912281,0.0100054824561,0.0135690789474,0.0553728070175,0.015899122807,0.00520833333333,0.000137061403509,0.0145285087719,0.0202850877193,0.00260416666667,0.00274122807018,0.00753837719298,0.00452302631579,0.00561951754386,0.00740131578947,0.00548245614035,0.00274122807018,0.00959429824561,0.00808662280702,0.00904605263158,0.00712719298246,0.00548245614035,0.0078125,0.0078125,0.000274122807018,0.0137061403509,0.00904605263158,0.00575657894737,0.00356359649123,0.0297423245614,0.0115131578947,0.0152138157895,0.0378289473684,0.00356359649123,0.00507127192982,0.00685307017544,0.00726425438596,0.00548245614035,0.00438596491228,0.0102796052632,0.00520833333333,0.00644188596491,0.0115131578947
yingyongbao_0F3B19DFFF058686FCC78F0634F68C3B,0.00194412547059,0.00307971277817,0.0130419931102,0.00760025873221,0.00466226725003,0.00403723999593,0.00189688503859,0.000795819585156,0.00769292265651,0.0,0.0134544384203,0.00646285448493,0.00528002674535,0.00206040961088,0.0307153654956,0.0184473886943,0.00549805950841,0.00602497201913,0.0129402444874,0.00833793624722,0.0088521301801,0.0152750119918,0.00651917961539,0.00766021774205,0.0,0.0235620739276,0.0120444932192,0.0146627033156,0.00957345523787,0.0146445339186,0.0113631408346,0.00206040961088,0.0252445600826,0.0126586188351,0.00529637920258,0.00557437097548,0.000728592816547,0.0099822666686,0.0135434684652,0.020974751806,0.00482215794293,0.00938085963051,0.00830341439307,0.0105400671541,0.00486031367647,0.00860139250258,0.020709478611,0.00897204819978,0.010127621844,0.0238473334593
yingyongbao_0F4EDD3DA387A49410A73416FE0CD6F0,0.000668699784192,0.00487340297267,0.0122696278584,0.0073455658112,0.00425029635559,0.00443773493146,0.00144378362496,0.00065856796928,0.00736582944103,0.0,0.0145948793807,0.00548131186739,0.00549144368231,0.00516722560512,0.0385262262029,0.0130903048663,0.00698082047437,0.00489873250995,0.00897172210458,0.00740635670068,0.00792307926119,0.0117123780383,0.00470116211917,0.00757353164672,0.0,0.0221886746573,0.00896159028967,0.0103445830252,0.00825742915328,0.0130447116992,0.0160893220803,0.00515709379021,0.021641556652,0.0175685670574,0.00399193507533,0.00579539812967,0.000663633876736,0.0110234146243,0.0105016261563,0.0214085249091,0.00559782773888,0.00924021519975,0.0070922704384,0.00583085948186,0.00304967628851,0.00797373833575,0.0187438575872,0.00811558374452,0.0104357693594,0.0226192767911
VirusShare_00fd7f2ab513fd2b71be4b9b16eabfe2,0.00145789473684,0.00391052631579,0.0140210526316,0.00684736842105,0.00452105263158,0.00427894736842,0.00204210526316,0.00181052631579,0.00523684210526,0.00734210526316,0.0127473684211,0.00458947368421,0.00472631578947,0.000747368421053,0.0235105263158,0.0100526315789,0.00538947368421,0.0042,0.012,0.00448947368421,0.0057,0.00755789473684,0.00413684210526,0.00523684210526,0.00371578947368,0.00941052631579,0.00703684210526,0.00785789473684,0.00565263157895,0.00651578947368,0.00637368421053,0.000715789473684,0.0134894736842,0.00731578947368,0.00592105263158,0.00562631578947,0.000442105263158,0.00999473684211,0.00932105263158,0.0201052631579,0.00385263157895,0.00665789473684,0.00427894736842,0.00604210526316,0.00483684210526,0.00463157894737,0.00974736842105,0.00432631578947,0.00534210526316,0.0170842105263
yingyongbao_048572D7B745E820317C63BC30656B4C,0.00059075816695,0.0031810842716,0.0121868188236,0.00784981432583,0.00571714662782,0.0038066531451,0.00198421027305,0.000842623867244,0.00832385424143,0.0,0.0151447050356,0.00750068341608,0.0062311164715,0.00136068908817,0.0254179588435,0.0118254017821,0.00448136654548,0.00486428431747,0.0173643995,0.00985757301802,0.00935691315036,0.0177227450085,0.00686487609948,0.00606832522619,0.0,0.0176449328409,0.0109858494478,0.0120834105483,0.00905692676749,0.013696989181,0.00855626689983,0.00136683215404,0.0238023325221,0.00960775500634,0.00649629214783,0.00494721570659,0.000704404885376,0.0121069589674,0.0109776586933,0.0236999480911,0.00563319139438,0.0118120918061,0.00828597200195,0.00987907374853,0.00504448091605,0.00752627952383,0.0185776550075,0.00917262117453,0.00804332090045,0.0198851041915
VirusShare_0a53ad2988125ef9771d442e6f3e7cda,0.0313289540172,0.00101061141991,0.0197069226882,0.00505305709955,0.00480040424457,0.00429509853461,0.00101061141991,0.00454775138959,0.0126326427489,0.0136432541688,0.0181910055584,0.0118746841839,0.00454775138959,0.0,0.0118746841839,0.0164224355735,0.00252652854977,0.0022738756948,0.0103587670541,0.0032844871147,0.00934815563416,0.00732693279434,0.00454775138959,0.00480040424457,0.00960080848914,0.00859019706923,0.00985346134411,0.00454775138959,0.00505305709955,0.00606366851945,0.00606366851945,0.0,0.0121273370389,0.00732693279434,0.00480040424457,0.00656897422941,0.00606366851945,0.0101061141991,0.0159171298636,0.0128852956038,0.00859019706923,0.00454775138959,0.00934815563416,0.0055583628095,0.0055583628095,0.00429509853461,0.0101061141991,0.00353713996968,0.00606366851945,0.0088428499242
VirusShare_0a1f17846f67d57d357ec458e3ced59a,0.0753293153246,0.0085647027397,0.0228642502963,0.0,0.00483329716012,0.007579678448,0.00576823547089,0.00168622802478,0.0,0.0,0.0230645942201,0.0,0.0051588560362,0.000567641117251,0.0180393007997,0.014441457836,0.00483329716012,0.0,0.010634923285,0.0,0.0,0.0,0.0,0.0,0.0,0.0,0.0,0.0,0.0,0.0,0.0,0.000559293453762,0.0,0.0,0.0028799439037,0.0101507588026,0.00111858690752,0.0138153830743,0.0,0.0341586389969,0.0,0.0,0.0,0.0,0.00920747282836,0.0,0.0,0.0,0.0,0.0124630615891
yingyongbao_02184E7EBC32E0F964C4F956787A29DC,0.00200117198945,0.00583943744506,0.0214972165251,0.000240257837679,0.00599472604747,0.0076062115441,0.00315265162614,0.00145912686786,0.000457075886317,0.000137708760621,0.0182625256373,0.00024904775857,0.00687664811017,0.00512745385292,0.0264400820393,0.0274597128626,0.00744799296806,0.000210958101377,0.0129563433929,9.96191034281e-05,0.000471725754468,0.000225607969528,0.000304717257545,0.00012305889247,0.00012305889247,0.000559624963375,0.000272487547612,0.000260767653091,0.000310577204805,0.00024611778494,0.000219748022268,0.00513038382655,0.000583064752417,0.000240257837679,0.00436273073542,0.00961617345444,0.000823322590097,0.0171901552886,0.000670963961324,0.0236126574861,0.000143568707882,0.000114268971579,0.00024318781131,0.000222677995898,0.0122560796953,0.000292997363024,0.000427776150015,0.00012891883973,0.000213888075007,0.0175769118078
yingyongbao_05F061BC881E55AE93F2CDE426034BFC,0.000394267259795,0.00444689487044,0.0141072281284,0.00757118801679,0.00410132197341,0.00410760511699,0.0019996104451,0.000950325466838,0.00584018195984,0.0,0.0135872979969,0.00565325843826,0.00468408354068,0.00175142627359,0.0311235517354,0.0268463017417,0.00525742039257,0.00423640956043,0.0132841363191,0.00861261906557,0.00781151825882,0.014669569479,0.00594071225716,0.00665541983965,0.0,0.0175692402423,0.0104441554198,0.0130328105758,0.00913569076881,0.0126369725301,0.00969646133353,0.00176713413255,0.02280938199,0.0108384226796,0.00536109226168,0.00582447410088,0.000780680590113,0.0103326296213,0.0097435849104,0.0201359043957,0.00513646987861,0.00995564100631,0.00722404433386,0.00937602101083,0.00408404332856,0.00796702606248,0.0184551634874,0.00954252431577,0.00885923245118,0.0248247002941
yingyongbao_12D82B811EF228D0E30CE97E820DB7AE,0.000306229653395,0.00501981070296,0.020922552165,0.0,0.00670407379664,0.007479070381,0.00275371126784,0.00139452272931,0.0,0.0,0.0230166918717,0.0,0.00747200354284,0.00335910373647,0.0419887967059,0.0328490193584,0.00688781158867,0.0,0.0190498400539,0.0,0.0,0.0,0.0,0.0,0.0,0.0,0.0,0.0,0.0,0.0,0.0,0.00337794863822,4.71122543685e-06,0.0,0.00811273020225,0.00952609783331,0.00112598287941,0.0167224946881,0.0,0.0330421796013,0.0,0.0,0.0,0.0,0.0171182376248,0.0,0.0,0.0,0.0,0.0330987143066
VirusShare_0a0c9f3940548d446e5ed67cdcd280c7,0.000525414049115,0.00840662478584,0.0289206167904,0.0,0.00552826956025,0.0110793832096,0.00326670474015,0.00125642490006,0.0,0.0,0.024603083952,0.0,0.00600799543118,0.00109651627641,0.0271616219303,0.0274357509994,0.00769845802399,0.0,0.0232552826956,0.0,0.0,0.0,0.0,0.0,0.0,0.0,0.0,0.0,0.0,0.0,0.0,0.00105082809823,0.0,0.0,0.00767561393489,0.0141861793261,0.00116504854369,0.0231182181611,0.0,0.0369160479726,0.0,0.0,0.0,0.0,0.0111936036551,0.0,0.0,0.0,0.0,0.0184808680754
VirusShare_00db533cc2dbd1a135f56386faa4815a,0.0,0.00572679804615,0.0257705912077,0.00892706754253,0.00656897422941,0.00538992757285,0.0114535960923,0.0210544045814,0.00960080848914,0.0166750884285,0.0375610577733,0.00842176183258,0.00640053899276,0.000168435236652,0.0178541350851,0.0249284150244,0.00320026949638,0.00336870473303,0.00926393801583,0.00538992757285,0.00690584470271,0.00892706754253,0.00320026949638,0.00336870473303,0.0119589018023,0.00993767896244,0.011116725619,0.00875863230588,0.00673740946606,0.00960080848914,0.00960080848914,0.000336870473303,0.0168435236652,0.011116725619,0.00707427993936,0.00437931615294,0.0165066531918,0.011622031329,0.0186963112683,0.0301499073606,0.00437931615294,0.00606366851945,0.00842176183258,0.00892706754253,0.00673740946606,0.00538992757285,0.0126326427489,0.00640053899276,0.00791645612262,0.0141485598787
