Id,classsupersource,constconstoke,constokee,constokeline,directmethodlocals,econstoke,eifline,endclasssuper,endirtualmethod,endmethodlocals,eokee,eokeline,fieldfieldfield,gotoendmethod,iflineiget,iflineoke,igetifline,igetokee,igetokeline,lineconstoke,lineigetif,lineigetoke,lineinstanceoke,lineiputline,lineokee,lineokeline,linereturnend,linereturnline,localsparameterparameter,localsparameterprologue,localsprologueline,methodlocalsparameter,methodlocalsprologue,okeecheck,okeeconst,okeeif,okeeline,okeeoke,okeereturn,okelineconst,okelineiget,okelineoke,okelinereturn,okereturnend,parameterparameterparameter,parameterparameterprologue,parameterprologueline,prologuelineiget,prologuelineoke,returnendmethod
VirusShare_0a625d44f97831f09669d73e0a0ae292,0.0050841876064,0.0045587874962,0.00446074519369,0.0050841876064,0.00446074519369,0.00446074519369,0.0050841876064,0.00446074519369,0.00446074519369,0.00446074519369,0.00446074519369,0.0050841876064,0.00446074519369,0.00446074519369,0.0054319541778,0.0050841876064,0.00555417402022,0.00476158356285,0.0054319541778,0.0050841876064,0.00580914314004,0.0054319541778,0.0050841876064,0.0054319541778,0.0050841876064,0.0050841876064,0.0054319541778,0.0050841876064,0.0050841876064,0.0050841876064,0.0050841876064,0.00497404015347,0.0050841876064,0.00446074519369,0.00446074519369,0.00446074519369,0.0050841876064,0.00446074519369,0.00486654711608,0.0050841876064,0.0054319541778,0.0050841876064,0.0050841876064,0.00446074519369,0.0050841876064,0.0050841876064,0.0050841876064,0.00555417402022,0.0050841876064,0.00446074519369
VirusShare_0a1f0f27804db4d17384f1e297cad11f,0.00539285233479,0.00483555480166,0.00473156027964,0.00539285233479,0.00473156027964,0.00473156027964,0.00539285233479,0.00473156027964,0.00473156027964,0.00473156027964,0.00473156027964,0.00539285233479,0.00473156027964,0.00473156027964,0.00576173206775,0.00539285233479,0.00589137196572,0.00505066276506,0.00576173206775,0.00539285233479,0.00616182044629,0.00576173206775,0.00539285233479,0.00576173206775,0.00539285233479,0.00539285233479,0.00576173206775,0.00539285233479,0.00539285233479,0.00539285233479,0.00539285233479,0.00527601774986,0.00539285233479,0.00473156027964,0.00473156027964,0.00473156027964,0.00539285233479,0.00473156027964,0.00516199873197,0.00539285233479,0.00576173206775,0.00539285233479,0.00539285233479,0.00473156027964,0.00539285233479,0.00539285233479,0.00539285233479,0.00589137196572,0.00539285233479,0.00473156027964
VirusShare_0a7a631b5ad0c7c8013adba356597264,0.00746690335016,0.00669527331863,0.00655128327465,0.00746690335016,0.00655128327465,0.00655128327465,0.00746690335016,0.00655128327465,0.00655128327465,0.00655128327465,0.00655128327465,0.00746690335016,0.00655128327465,0.00655128327465,0.00797765149286,0.00746690335016,0.0081571499342,0.00699311020954,0.00797765149286,0.00746690335016,0.00853161089479,0.00797765149286,0.00746690335016,0.00797765149286,0.00746690335016,0.00746690335016,0.00797765149286,0.00746690335016,0.00746690335016,0.00746690335016,0.00746690335016,0.00730513505029,0.00746690335016,0.00655128327465,0.00655128327465,0.00655128327465,0.00746690335016,0.00655128327465,0.00714726516367,0.00746690335016,0.00797765149286,0.00746690335016,0.00746690335016,0.00655128327465,0.00746690335016,0.00746690335016,0.00746690335016,0.0081571499342,0.00746690335016,0.00655128327465
VirusShare_0a7c1c13cd74a78e5791b9283acab325,0.00399537652786,0.00358249418941,0.0035054482689,0.00399537652786,0.0035054482689,0.0035054482689,0.00399537652786,0.0035054482689,0.0035054482689,0.0035054482689,0.0035054482689,0.00399537652786,0.0035054482689,0.0035054482689,0.00426866667844,0.00399537652786,0.00436471236508,0.00374186018992,0.00426866667844,0.00399537652786,0.00456507822793,0.00426866667844,0.00399537652786,0.00426866667844,0.00399537652786,0.00399537652786,0.00426866667844,0.00399537652786,0.00399537652786,0.00399537652786,0.00399537652786,0.0039088178518,0.00399537652786,0.0035054482689,0.0035054482689,0.0035054482689,0.00399537652786,0.0035054482689,0.00382434513133,0.00399537652786,0.00426866667844,0.00399537652786,0.00399537652786,0.0035054482689,0.00399537652786,0.00399537652786,0.00399537652786,0.00436471236508,0.00399537652786,0.0035054482689
VirusShare_00dae4891ec42800cb0bf079271c3d71,0.00626127664012,0.00561423611145,0.00549349509519,0.00626127664012,0.00549349509519,0.00549349509519,0.00626127664012,0.00549349509519,0.00549349509519,0.00549349509519,0.00549349509519,0.00626127664012,0.00549349509519,0.00549349509519,0.0066895579858,0.00626127664012,0.00684007411612,0.00586398344045,0.0066895579858,0.00626127664012,0.00715407358219,0.0066895579858,0.00626127664012,0.0066895579858,0.00626127664012,0.00626127664012,0.0066895579858,0.00626127664012,0.00626127664012,0.00626127664012,0.00626127664012,0.00612562789397,0.00626127664012,0.00549349509519,0.00549349509519,0.00549349509519,0.00626127664012,0.00549349509519,0.00599324811256,0.00626127664012,0.0066895579858,0.00626127664012,0.00626127664012,0.00549349509519,0.00626127664012,0.00626127664012,0.00626127664012,0.00684007411612,0.00626127664012,0.00549349509519
VirusShare_0a21a78ef26110dcbbdffd0fba660cee,0.00595549246435,0.0053400516822,0.00522520733754,0.00595549246435,0.00522520733754,0.00522520733754,0.00595549246435,0.00522520733754,0.00522520733754,0.00522520733754,0.00522520733754,0.00595549246435,0.00522520733754,0.00522520733754,0.00636285768288,0.00595549246435,0.00650602300385,0.00557760201281,0.00636285768288,0.00595549246435,0.00680468756725,0.00636285768288,0.00595549246435,0.00636285768288,0.00595549246435,0.00595549246435,0.00636285768288,0.00595549246435,0.00595549246435,0.00595549246435,0.00595549246435,0.00582646844386,0.00595549246435,0.00522520733754,0.00522520733754,0.00522520733754,0.00595549246435,0.00522520733754,0.00570055374053,0.00595549246435,0.00636285768288,0.00595549246435,0.00595549246435,0.00522520733754,0.00595549246435,0.00595549246435,0.00595549246435,0.00650602300385,0.00595549246435,0.00522520733754
VirusShare_00a4d3a5760a79356a545e68def552dd,0.00566209513272,0.00507697404022,0.00496778750212,0.00566209513272,0.00496778750212,0.00496778750212,0.00566209513272,0.00496778750212,0.00496778750212,0.00496778750212,0.00496778750212,0.00566209513272,0.00496778750212,0.00496778750212,0.00604939150408,0.00566209513272,0.00618550378562,0.00530282145398,0.00604939150408,0.00566209513272,0.00646945463953,0.00604939150408,0.00566209513272,0.00604939150408,0.00566209513272,0.00566209513272,0.00604939150408,0.00566209513272,0.00566209513272,0.00566209513272,0.00566209513272,0.0055394274805,0.00566209513272,0.00496778750212,0.00496778750212,0.00496778750212,0.00566209513272,0.00496778750212,0.00541971596493,0.00566209513272,0.00604939150408,0.00566209513272,0.00566209513272,0.00496778750212,0.00566209513272,0.00566209513272,0.00566209513272,0.00618550378562,0.00566209513272,0.00496778750212
yingyongbao_18367621F392BF9AAA49AC4F2BAE2F18,0.00472891526195,0.00424022900721,0.00414903769475,0.00472891526195,0.00414903769475,0.00414903769475,0.00472891526195,0.00414903769475,0.00414903769475,0.00414903769475,0.00414903769475,0.00472891526195,0.00414903769475,0.00414903769475,0.00505238063625,0.00472891526195,0.00516606001296,0.00442885411095,0.00505238063625,0.00472891526195,0.00540321242655,0.00505238063625,0.00472891526195,0.00505238063625,0.00472891526195,0.00472891526195,0.00505238063625,0.00472891526195,0.00472891526195,0.00472891526195,0.00472891526195,0.00462646468154,0.00472891526195,0.00414903769475,0.00414903769475,0.00414903769475,0.00472891526195,0.00414903769475,0.00452648303168,0.00472891526195,0.00505238063625,0.00472891526195,0.00472891526195,0.00414903769475,0.00472891526195,0.00472891526195,0.00472891526195,0.00516606001296,0.00472891526195,0.00414903769475
yingyongbao_0334EBAA797A397CE1A6AC4B97083C7B,0.0435262108458,0.0,0.0381888613995,0.0435262108458,0.0381888613995,0.0381888613995,0.0435262108458,0.0381888613995,0.0381888613995,0.0381888613995,0.0381888613995,0.0435262108458,0.0381888613995,0.0381888613995,0.0465034733475,0.0435262108458,0.0475498089753,0.0407643671244,0.0465034733475,0.0435262108458,0.0497326237192,0.0465034733475,0.0435262108458,0.0465034733475,0.0435262108458,0.0435262108458,0.0465034733475,0.0435262108458,0.0435262108458,0.0435262108458,0.0435262108458,0.042583228086,0.0435262108458,0.0381888613995,0.0381888613995,0.0381888613995,0.0435262108458,0.0381888613995,0.0416629700287,0.0435262108458,0.0465034733475,0.0435262108458,0.0435262108458,0.0381888613995,0.0435262108458,0.0435262108458,0.0435262108458,0.0,0.0435262108458,0.0381888613995
VirusShare_0a62fe1dae895db853502b4ce7e58147,0.00572558325755,0.0051339013002,0.00502349047172,0.00572558325755,0.00502349047172,0.00502349047172,0.00572558325755,0.00502349047172,0.00502349047172,0.00502349047172,0.00502349047172,0.00572558325755,0.00502349047172,0.00502349047172,0.00611722231828,0.00572558325755,0.00625486080405,0.0053622811032,0.00611722231828,0.00572558325755,0.00654199555136,0.00611722231828,0.00572558325755,0.00611722231828,0.00572558325755,0.00572558325755,0.00611722231828,0.00572558325755,0.00572558325755,0.00572558325755,0.00572558325755,0.00560154015348,0.00572558325755,0.00502349047172,0.00502349047172,0.00502349047172,0.00572558325755,0.00502349047172,0.00548048633273,0.00572558325755,0.00611722231828,0.00572558325755,0.00572558325755,0.00502349047172,0.00572558325755,0.00572558325755,0.00572558325755,0.00625486080405,0.00572558325755,0.00502349047172
VirusShare_0a497b762ee12a685d73df9d9ee800dd,0.0634340155841,0.0568787423804,0.0556554954378,0.0634340155841,0.0556554954378,0.0556554954378,0.0634340155841,0.0556554954378,0.0556554954378,0.0556554954378,0.0556554954378,0.0634340155841,0.0556554954378,0.0556554954378,0.0,0.0634340155841,0.0,0.0,0.0,0.0634340155841,0.0,0.0,0.0634340155841,0.0,0.0634340155841,0.0634340155841,0.0,0.0634340155841,0.0634340155841,0.0634340155841,0.0634340155841,0.0620597359967,0.0634340155841,0.0556554954378,0.0556554954378,0.0556554954378,0.0634340155841,0.0556554954378,0.0,0.0634340155841,0.0,0.0634340155841,0.0634340155841,0.0556554954378,0.0634340155841,0.0634340155841,0.0634340155841,0.0,0.0634340155841,0.0556554954378
yingyongbao_07CCDF1D0D94E0CF1F174FF619278EF9,0.0,0.0048110613472,0.00470759358689,0.0,0.00470759358689,0.00470759358689,0.0,0.00470759358689,0.00470759358689,0.00470759358689,0.00470759358689,0.0,0.00470759358689,0.00470759358689,0.0,0.0,0.0,0.00502507972785,0.0,0.0,0.0,0.0,0.0,0.0,0.0,0.0,0.0,0.0,0.0,0.0,0.0,0.0,0.0,0.00470759358689,0.00470759358689,0.00470759358689,0.0,0.00470759358689,0.00513585174656,0.0,0.0,0.0,0.0,0.00470759358689,0.0,0.0,0.0,0.0,0.0,0.00470759358689
yingyongbao_1101D20FDF0ACFB04134816BE811313C,0.0634340155841,0.0568787423804,0.0556554954378,0.0634340155841,0.0556554954378,0.0556554954378,0.0634340155841,0.0556554954378,0.0556554954378,0.0556554954378,0.0556554954378,0.0634340155841,0.0556554954378,0.0556554954378,0.0,0.0634340155841,0.0,0.0,0.0,0.0634340155841,0.0,0.0,0.0634340155841,0.0,0.0634340155841,0.0634340155841,0.0,0.0634340155841,0.0634340155841,0.0634340155841,0.0634340155841,0.0620597359967,0.0634340155841,0.0556554954378,0.0556554954378,0.0556554954378,0.0634340155841,0.0556554954378,0.0,0.0634340155841,0.0,0.0634340155841,0.0634340155841,0.0556554954378,0.0634340155841,0.0634340155841,0.0634340155841,0.0,0.0634340155841,0.0556554954378
yingyongbao_03AF3D3E4C96C9D1ACAFED4225524ADA,0.00492649400607,0.00441738995758,0.00432238858213,0.00492649400607,0.00432238858213,0.00432238858213,0.00492649400607,0.00432238858213,0.00432238858213,0.00432238858213,0.00432238858213,0.00492649400607,0.00432238858213,0.00432238858213,0.00526347408277,0.00492649400607,0.00538190309596,0.00461389600421,0.00526347408277,0.00492649400607,0.00562896397132,0.00526347408277,0.00492649400607,0.00526347408277,0.00492649400607,0.00492649400607,0.00526347408277,0.00492649400607,0.00492649400607,0.00492649400607,0.00492649400607,0.00481976293935,0.00492649400607,0.00432238858213,0.00432238858213,0.00432238858213,0.00492649400607,0.00432238858213,0.00471560395755,0.00492649400607,0.00526347408277,0.00492649400607,0.00492649400607,0.00432238858213,0.00492649400607,0.00492649400607,0.00492649400607,0.00538190309596,0.00492649400607,0.00432238858213
yingyongbao_0621EDDFD6C007FFC6E08E0759D0AC03,0.00675679106941,0.00605854406373,0.00592824766137,0.00675679106941,0.00592824766137,0.00592824766137,0.00675679106941,0.00592824766137,0.00592824766137,0.00592824766137,0.00592824766137,0.00675679106941,0.00592824766137,0.00592824766137,0.0072189663953,0.00675679106941,0.00738139429995,0.00632805627653,0.0072189663953,0.00675679106941,0.00772024353313,0.0072189663953,0.00675679106941,0.0072189663953,0.00675679106941,0.00675679106941,0.0072189663953,0.00675679106941,0.00675679106941,0.00675679106941,0.00675679106941,0.00661040714656,0.00675679106941,0.00592824766137,0.00592824766137,0.00592824766137,0.00675679106941,0.00592824766137,0.00646755089277,0.00675679106941,0.0072189663953,0.00675679106941,0.00675679106941,0.00592824766137,0.00675679106941,0.00675679106941,0.00675679106941,0.00738139429995,0.00675679106941,0.00592824766137
yingyongbao_067F927790FD7A7916CA32F9905AB417,0.00917582845668,0.00822759804986,0.00805065348783,0.00917582845668,0.00805065348783,0.00805065348783,0.00917582845668,0.00805065348783,0.00805065348783,0.00805065348783,0.00805065348783,0.00917582845668,0.00805065348783,0.00805065348783,0.00980346981243,0.00917582845668,0.0100240494595,0.00859359987029,0.00980346981243,0.00917582845668,0.0104842120433,0.00980346981243,0.00917582845668,0.00980346981243,0.00917582845668,0.00917582845668,0.00980346981243,0.00917582845668,0.00917582845668,0.00917582845668,0.00917582845668,0.008977036789,0.00917582845668,0.00805065348783,0.00805065348783,0.00805065348783,0.00917582845668,0.00805065348783,0.00878303575133,0.00917582845668,0.00980346981243,0.00917582845668,0.00917582845668,0.00805065348783,0.00917582845668,0.00917582845668,0.00917582845668,0.0100240494595,0.00917582845668,0.00805065348783
VirusShare_00d02accebb3e24bd7fd6a22170a00f8,0.00489834302471,0.00439214809953,0.00429768958113,0.00489834302471,0.00429768958113,0.00429768958113,0.00489834302471,0.00429768958113,0.00429768958113,0.00429768958113,0.00429768958113,0.00489834302471,0.00429768958113,0.00429768958113,0.00523339752921,0.00489834302471,0.00535114981511,0.00458753127094,0.00523339752921,0.00489834302471,0.00559679893475,0.00523339752921,0.00489834302471,0.00523339752921,0.00489834302471,0.00489834302471,0.00523339752921,0.00489834302471,0.00489834302471,0.00489834302471,0.00489834302471,0.00479222184085,0.00489834302471,0.00429768958113,0.00429768958113,0.00429768958113,0.00489834302471,0.00429768958113,0.0046886580445,0.00489834302471,0.00523339752921,0.00489834302471,0.00489834302471,0.00429768958113,0.00489834302471,0.00489834302471,0.00489834302471,0.00535114981511,0.00489834302471,0.00429768958113
yingyongbao_0DC7324ADA938C509F9E764B9EE5998B,0.0046405961024,0.00416103675244,0.0040715485663,0.0046405961024,0.0040715485663,0.0040715485663,0.0046405961024,0.0040715485663,0.0040715485663,0.0040715485663,0.0040715485663,0.0046405961024,0.0040715485663,0.0040715485663,0.00495802030479,0.0046405961024,0.00506957655887,0.00434613901643,0.00495802030479,0.0046405961024,0.00530229981679,0.00495802030479,0.0046405961024,0.00495802030479,0.0046405961024,0.0046405961024,0.00495802030479,0.0046405961024,0.0046405961024,0.0046405961024,0.0046405961024,0.00454005893101,0.0046405961024,0.0040715485663,0.0040715485663,0.0040715485663,0.0046405961024,0.0040715485663,0.00444194457942,0.0046405961024,0.00495802030479,0.0046405961024,0.0046405961024,0.0040715485663,0.0046405961024,0.0046405961024,0.0046405961024,0.00506957655887,0.0046405961024,0.0040715485663
VirusShare_0ab1386c664135e6f8d9cd2ee0315b61,0.0637033829105,0.0571202732787,0.0558918319186,0.0637033829105,0.0558918319186,0.0558918319186,0.0637033829105,0.0558918319186,0.0558918319186,0.0558918319186,0.0558918319186,0.0637033829105,0.0558918319186,0.0558918319186,0.0,0.0637033829105,0.0,0.0,0.0,0.0637033829105,0.0,0.0,0.0637033829105,0.0,0.0637033829105,0.0637033829105,0.0,0.0637033829105,0.0637033829105,0.0637033829105,0.0637033829105,0.0623232675579,0.0637033829105,0.0558918319186,0.0558918319186,0.0558918319186,0.0637033829105,0.0558918319186,0.0,0.0637033829105,0.0,0.0637033829105,0.0637033829105,0.0558918319186,0.0637033829105,0.0637033829105,0.0637033829105,0.0,0.0637033829105,0.0558918319186
yingyongbao_0ACC2CD8FDF204060F4862E93C1B7BA0,0.0,0.00464942385375,0.00454943230549,0.0,0.00454943230549,0.00454943230549,0.0,0.00454943230549,0.00454943230549,0.00454943230549,0.00454943230549,0.0,0.00454943230549,0.00454943230549,0.0,0.0,0.0,0.00485625184706,0.0,0.0,0.0,0.0,0.0,0.0,0.0,0.0,0.0,0.0,0.0,0.0,0.0,0.00507293243178,0.0,0.00454943230549,0.00454943230549,0.00454943230549,0.0,0.00454943230549,0.00496330225215,0.0,0.0,0.0,0.0,0.00454943230549,0.0,0.0,0.0,0.0,0.0,0.00454943230549
yingyongbao_16EC3F95181A72DF98D4BCC56F108049,0.00590252113133,0.00529255440844,0.00517873155076,0.00590252113133,0.00517873155076,0.00517873155076,0.00590252113133,0.00517873155076,0.00517873155076,0.00517873155076,0.00517873155076,0.00590252113133,0.00517873155076,0.00517873155076,0.00630626302589,0.00590252113133,0.00644815495797,0.00552799183944,0.00630626302589,0.00590252113133,0.00674416303912,0.00630626302589,0.00590252113133,0.00630626302589,0.00590252113133,0.00590252113133,0.00630626302589,0.00590252113133,0.00590252113133,0.00590252113133,0.00590252113133,0.00577464471944,0.00590252113133,0.00517873155076,0.00517873155076,0.00517873155076,0.00590252113133,0.00517873155076,0.00564984996878,0.00590252113133,0.00630626302589,0.00590252113133,0.00590252113133,0.00517873155076,0.00590252113133,0.00590252113133,0.00590252113133,0.00644815495797,0.00590252113133,0.00517873155076
yingyongbao_0423E321CC97F4BB5740FF2A22E0C611,0.00730643937051,0.00655139169178,0.00641049599821,0.00730643937051,0.00641049599821,0.00641049599821,0.00730643937051,0.00641049599821,0.00641049599821,0.00641049599821,0.00641049599821,0.00730643937051,0.00641049599821,0.00641049599821,0.00780621152012,0.00730643937051,0.00798185253451,0.00684282805887,0.00780621152012,0.00730643937051,0.00834826631769,0.00780621152012,0.00730643937051,0.00780621152012,0.00730643937051,0.00730643937051,0.00780621152012,0.00730643937051,0.00730643937051,0.00730643937051,0.00730643937051,0.00714814747632,0.00730643937051,0.00641049599821,0.00641049599821,0.00641049599821,0.00730643937051,0.00641049599821,0.00699367021835,0.00730643937051,0.00780621152012,0.00730643937051,0.00730643937051,0.00641049599821,0.00730643937051,0.00730643937051,0.00730643937051,0.00798185253451,0.00730643937051,0.00641049599821
VirusShare_0a4a42ca12a3b2690d598f3243c954db,0.0,0.00363992436327,0.00356164333661,0.0,0.00356164333661,0.00356164333661,0.0,0.00356164333661,0.00356164333661,0.00356164333661,0.00356164333661,0.0,0.00356164333661,0.00356164333661,0.0,0.0,0.0,0.00380184512496,0.0,0.0,0.0,0.0,0.0,0.0,0.0,0.0,0.0,0.0,0.0,0.0,0.0,0.0,0.0,0.00356164333661,0.00356164333661,0.00356164333661,0.0,0.00356164333661,0.00388565236427,0.0,0.0,0.0,0.0,0.00356164333661,0.0,0.0,0.0,0.0,0.0,0.00356164333661
yingyongbao_023C9CBE2AFC17C2396762FCE9005EDF,0.0247055665353,0.0221524924976,0.0216760760442,0.0247055665353,0.0216760760442,0.0216760760442,0.0247055665353,0.0216760760442,0.0216760760442,0.0216760760442,0.0216760760442,0.0247055665353,0.0216760760442,0.0216760760442,0.0263954668367,0.0247055665353,0.0269893690847,0.0231379383753,0.0263954668367,0.0247055665353,0.0282283392097,0.0263954668367,0.0247055665353,0.0263954668367,0.0247055665353,0.0247055665353,0.0263954668367,0.0247055665353,0.0247055665353,0.0247055665353,0.0247055665353,0.024170327587,0.0247055665353,0.0216760760442,0.0216760760442,0.0216760760442,0.0247055665353,0.0216760760442,0.0236479872265,0.0247055665353,0.0263954668367,0.0247055665353,0.0247055665353,0.0216760760442,0.0247055665353,0.0247055665353,0.0247055665353,0.0269893690847,0.0247055665353,0.0216760760442
yingyongbao_1186C1C2D1B9389E578EAA2327C95560,0.0303260250367,0.0271921326374,0.0266073325571,0.0303260250367,0.0266073325571,0.0266073325571,0.0303260250367,0.0266073325571,0.0266073325571,0.0266073325571,0.0266073325571,0.0303260250367,0.0266073325571,0.0266073325571,0.0324003736973,0.0303260250367,0.0331293873152,0.0284017651433,0.0324003736973,0.0303260250367,0.0,0.0324003736973,0.0303260250367,0.0324003736973,0.0303260250367,0.0303260250367,0.0324003736973,0.0303260250367,0.0303260250367,0.0303260250367,0.0303260250367,0.0296690204818,0.0303260250367,0.0266073325571,0.0266073325571,0.0266073325571,0.0303260250367,0.0266073325571,0.0290278489132,0.0303260250367,0.0324003736973,0.0303260250367,0.0303260250367,0.0266073325571,0.0303260250367,0.0303260250367,0.0303260250367,0.0331293873152,0.0303260250367,0.0266073325571
VirusShare_0a72eabc7599f2441463a3f65d981650,0.0405500252505,0.0363595843414,0.0355776269963,0.0405500252505,0.0355776269963,0.0355776269963,0.0405500252505,0.0355776269963,0.0355776269963,0.0355776269963,0.0355776269963,0.0405500252505,0.0355776269963,0.0355776269963,0.0433237118929,0.0405500252505,0.0,0.0379770277286,0.0433237118929,0.0405500252505,0.0,0.0433237118929,0.0405500252505,0.0433237118929,0.0405500252505,0.0405500252505,0.0433237118929,0.0405500252505,0.0405500252505,0.0405500252505,0.0405500252505,0.0396715206901,0.0405500252505,0.0355776269963,0.0355776269963,0.0355776269963,0.0405500252505,0.0355776269963,0.0,0.0405500252505,0.0433237118929,0.0405500252505,0.0405500252505,0.0355776269963,0.0405500252505,0.0405500252505,0.0405500252505,0.0442985023767,0.0405500252505,0.0355776269963
yingyongbao_10515F0D29E87B15273C4B74448F655A,0.00651782599024,0.0058442736435,0.00571858538868,0.00651782599024,0.00571858538868,0.00571858538868,0.00651782599024,0.00571858538868,0.00571858538868,0.00571858538868,0.00571858538868,0.00651782599024,0.00571858538868,0.00571858538868,0.00696365572217,0.00651782599024,0.00712033909562,0.00610425411163,0.00696365572217,0.00651782599024,0.00744720436585,0.00696365572217,0.00651782599024,0.00696365572217,0.00651782599024,0.00651782599024,0.00696365572217,0.00651782599024,0.00651782599024,0.00651782599024,0.00651782599024,0.00637661917667,0.00651782599024,0.00571858538868,0.00571858538868,0.00571858538868,0.00651782599024,0.00571858538868,0.00623881527031,0.00651782599024,0.00696365572217,0.00651782599024,0.00651782599024,0.00571858538868,0.00651782599024,0.00651782599024,0.00651782599024,0.00712033909562,0.00651782599024,0.00571858538868
yingyongbao_16BAA69E4ECF04BAB81E6D67843E64B3,0.0341388465357,0.0306109370405,0.0299526113888,0.0341388465357,0.0299526113888,0.0299526113888,0.0341388465357,0.0299526113888,0.0299526113888,0.0299526113888,0.0299526113888,0.0341388465357,0.0299526113888,0.0299526113888,0.0364739982906,0.0341388465357,0.0372946691169,0.031972653864,0.0364739982906,0.0341388465357,0.0390067128742,0.0364739982906,0.0341388465357,0.0364739982906,0.0341388465357,0.0341388465357,0.0364739982906,0.0341388465357,0.0341388465357,0.0341388465357,0.0341388465357,0.0333992383066,0.0341388465357,0.0299526113888,0.0299526113888,0.0299526113888,0.0341388465357,0.0299526113888,0.0326774537087,0.0341388465357,0.0364739982906,0.0341388465357,0.0341388465357,0.0299526113888,0.0341388465357,0.0341388465357,0.0341388465357,0.0372946691169,0.0341388465357,0.0299526113888
yingyongbao_02FFCBE831FE2AE2414F0BAAF023C005,0.00675838453507,0.0060599728606,0.00592964573022,0.00675838453507,0.00592964573022,0.00592964573022,0.00675838453507,0.00592964573022,0.00592964573022,0.00592964573022,0.00592964573022,0.00675838453507,0.00592964573022,0.00592964573022,0.00722066885657,0.00675838453507,0.00738313506688,0.00632954863293,0.00722066885657,0.00675838453507,0.00772206421145,0.00722066885657,0.00675838453507,0.00722066885657,0.00675838453507,0.00675838453507,0.00722066885657,0.00675838453507,0.00675838453507,0.00675838453507,0.00675838453507,0.00661196609026,0.00675838453507,0.00592964573022,0.00592964573022,0.00592964573022,0.00675838453507,0.00592964573022,0.00646907614643,0.00675838453507,0.00722066885657,0.00675838453507,0.00675838453507,0.00592964573022,0.00675838453507,0.00675838453507,0.00675838453507,0.00738313506688,0.00675838453507,0.00592964573022
yingyongbao_0D2711DD4BD1F30D9AD62256A0F257E1,0.0337733031865,0.0302831689527,0.0296318923548,0.0337733031865,0.0296318923548,0.0296318923548,0.0337733031865,0.0296318923548,0.0296318923548,0.0296318923548,0.0296318923548,0.0337733031865,0.0296318923548,0.0296318923548,0.0360834511911,0.0337733031865,0.0368953346449,0.0316303051276,0.0360834511911,0.0337733031865,0.038589046611,0.0360834511911,0.0337733031865,0.0360834511911,0.0337733031865,0.0337733031865,0.0360834511911,0.0337733031865,0.0337733031865,0.0337733031865,0.0337733031865,0.0330416143483,0.0337733031865,0.0296318923548,0.0296318923548,0.0296318923548,0.0337733031865,0.0296318923548,0.0323275582939,0.0337733031865,0.0360834511911,0.0337733031865,0.0337733031865,0.0296318923548,0.0337733031865,0.0337733031865,0.0337733031865,0.0368953346449,0.0337733031865,0.0296318923548
VirusShare_0a7879fd071f5e6ea2ebbad94dcd3570,0.0,0.00888808183866,0.00869693276468,0.0,0.00869693276468,0.00869693276468,0.0,0.00869693276468,0.00869693276468,0.00869693276468,0.00869693276468,0.0,0.00869693276468,0.00869693276468,0.0,0.0,0.0,0.00928346504933,0.0,0.0,0.0,0.0,0.0,0.0,0.0,0.0,0.0,0.0,0.0,0.0,0.0,0.0,0.0,0.00869693276468,0.00869693276468,0.00869693276468,0.0,0.00869693276468,0.00948810820322,0.0,0.0,0.0,0.0,0.00869693276468,0.0,0.0,0.0,0.0,0.0,0.00869693276468
VirusShare_0a2374bd641266a6df4a83514cedecfe,0.0121568590078,0.0109005688083,0.0106661387399,0.0121568590078,0.0106661387399,0.0106661387399,0.0121568590078,0.0106661387399,0.0106661387399,0.0106661387399,0.0106661387399,0.0121568590078,0.0106661387399,0.0106661387399,0.0129884076255,0.0121568590078,0.0132806488855,0.0113854767977,0.0129884076255,0.0121568590078,0.0138903084577,0.0129884076255,0.0121568590078,0.0129884076255,0.0121568590078,0.0121568590078,0.0129884076255,0.0121568590078,0.0121568590078,0.0121568590078,0.0121568590078,0.0118934841761,0.0121568590078,0.0106661387399,0.0106661387399,0.0106661387399,0.0121568590078,0.0106661387399,0.0116364563477,0.0121568590078,0.0129884076255,0.0121568590078,0.0121568590078,0.0106661387399,0.0121568590078,0.0121568590078,0.0121568590078,0.0132806488855,0.0121568590078,0.0106661387399
VirusShare_00cf9dbf2c024ad6602b1e33d71fbdc6,0.0,0.00662960700877,0.00648702919912,0.0,0.00648702919912,0.00648702919912,0.0,0.00648702919912,0.00648702919912,0.00648702919912,0.00648702919912,0.0,0.00648702919912,0.00648702919912,0.0,0.0,0.0,0.00692452275687,0.0,0.0,0.0,0.0,0.0,0.0,0.0,0.0,0.0,0.0,0.0,0.0,0.0,0.0,0.0,0.00648702919912,0.00648702919912,0.00648702919912,0.0,0.00648702919912,0.00707716578064,0.0,0.0,0.0,0.0,0.00648702919912,0.0,0.0,0.0,0.0,0.0,0.00648702919912
VirusShare_00ff3d45e288d65eb73efb9060805a83,0.0257091704728,0.0230523839721,0.0225566142516,0.0257091704728,0.0225566142516,0.0225566142516,0.0257091704728,0.0225566142516,0.0225566142516,0.0225566142516,0.0225566142516,0.0257091704728,0.0225566142516,0.0225566142516,0.0274677188902,0.0257091704728,0.0280857469818,0.0240778612071,0.0274677188902,0.0257091704728,0.029375047274,0.0274677188902,0.0257091704728,0.0274677188902,0.0257091704728,0.0257091704728,0.0274677188902,0.0257091704728,0.0257091704728,0.0257091704728,0.0257091704728,0.0251521887357,0.0257091704728,0.0225566142516,0.0225566142516,0.0225566142516,0.0257091704728,0.0225566142516,0.0246086295603,0.0257091704728,0.0274677188902,0.0257091704728,0.0257091704728,0.0225566142516,0.0257091704728,0.0257091704728,0.0257091704728,0.0280857469818,0.0257091704728,0.0225566142516
yingyongbao_0F3B19DFFF058686FCC78F0634F68C3B,0.0337733031865,0.0302831689527,0.0296318923548,0.0337733031865,0.0296318923548,0.0296318923548,0.0337733031865,0.0296318923548,0.0296318923548,0.0296318923548,0.0296318923548,0.0337733031865,0.0296318923548,0.0296318923548,0.0360834511911,0.0337733031865,0.0368953346449,0.0316303051276,0.0360834511911,0.0337733031865,0.038589046611,0.0360834511911,0.0337733031865,0.0360834511911,0.0337733031865,0.0337733031865,0.0360834511911,0.0337733031865,0.0337733031865,0.0337733031865,0.0337733031865,0.0330416143483,0.0337733031865,0.0296318923548,0.0296318923548,0.0296318923548,0.0337733031865,0.0296318923548,0.0323275582939,0.0337733031865,0.0360834511911,0.0337733031865,0.0337733031865,0.0296318923548,0.0337733031865,0.0337733031865,0.0337733031865,0.0368953346449,0.0337733031865,0.0296318923548
yingyongbao_0F4EDD3DA387A49410A73416FE0CD6F0,0.0235832810226,0.0211461840058,0.0206914094477,0.0235832810226,0.0206914094477,0.0206914094477,0.0235832810226,0.0206914094477,0.0206914094477,0.0206914094477,0.0206914094477,0.0235832810226,0.0206914094477,0.0206914094477,0.0251964151983,0.0235832810226,0.0257633385917,0.0220868646023,0.0251964151983,0.0235832810226,0.0269460267358,0.0251964151983,0.0235832810226,0.0251964151983,0.0235832810226,0.0235832810226,0.0251964151983,0.0235832810226,0.0235832810226,0.0235832810226,0.0235832810226,0.0230723560652,0.0235832810226,0.0206914094477,0.0206914094477,0.0206914094477,0.0235832810226,0.0206914094477,0.0225737437587,0.0235832810226,0.0251964151983,0.0235832810226,0.0235832810226,0.0206914094477,0.0235832810226,0.0235832810226,0.0235832810226,0.0257633385917,0.0235832810226,0.0206914094477
VirusShare_00fd7f2ab513fd2b71be4b9b16eabfe2,0.0,0.0193583652429,0.0189420399146,0.0,0.0189420399146,0.0189420399146,0.0,0.0189420399146,0.0189420399146,0.0189420399146,0.0189420399146,0.0,0.0189420399146,0.0189420399146,0.0,0.0,0.0,0.0202195153473,0.0,0.0,0.0,0.0,0.0,0.0,0.0,0.0,0.0,0.0,0.0,0.0,0.0,0.0,0.0,0.0189420399146,0.0189420399146,0.0189420399146,0.0,0.0189420399146,0.0206652309685,0.0,0.0,0.0,0.0,0.0189420399146,0.0,0.0,0.0,0.0,0.0,0.0189420399146
yingyongbao_048572D7B745E820317C63BC30656B4C,0.0303260250367,0.0271921326374,0.0266073325571,0.0303260250367,0.0266073325571,0.0266073325571,0.0303260250367,0.0266073325571,0.0266073325571,0.0266073325571,0.0266073325571,0.0303260250367,0.0266073325571,0.0266073325571,0.0324003736973,0.0303260250367,0.0331293873152,0.0284017651433,0.0324003736973,0.0303260250367,0.0,0.0324003736973,0.0303260250367,0.0324003736973,0.0303260250367,0.0303260250367,0.0324003736973,0.0303260250367,0.0303260250367,0.0303260250367,0.0303260250367,0.0296690204818,0.0303260250367,0.0266073325571,0.0266073325571,0.0266073325571,0.0303260250367,0.0266073325571,0.0290278489132,0.0303260250367,0.0324003736973,0.0303260250367,0.0303260250367,0.0266073325571,0.0303260250367,0.0303260250367,0.0303260250367,0.0331293873152,0.0303260250367,0.0266073325571
VirusShare_0a53ad2988125ef9771d442e6f3e7cda,0.0361097965359,0.0323782090045,0.031681876007,0.0361097965359,0.031681876007,0.031681876007,0.0361097965359,0.031681876007,0.031681876007,0.031681876007,0.031681876007,0.0361097965359,0.031681876007,0.031681876007,0.038579764426,0.0361097965359,0.039447815329,0.0338185423029,0.038579764426,0.0361097965359,0.041258701109,0.038579764426,0.0361097965359,0.038579764426,0.0361097965359,0.0361097965359,0.038579764426,0.0361097965359,0.0361097965359,0.0361097965359,0.0361097965359,0.0353274882455,0.0361097965359,0.031681876007,0.031681876007,0.031681876007,0.0361097965359,0.031681876007,0.0345640326043,0.0361097965359,0.038579764426,0.0361097965359,0.0361097965359,0.031681876007,0.0361097965359,0.0361097965359,0.0361097965359,0.039447815329,0.0361097965359,0.031681876007
VirusShare_0a1f17846f67d57d357ec458e3ced59a,0.0305249284728,0.027370481386,0.0267818456977,0.0305249284728,0.0267818456977,0.0267818456977,0.0305249284728,0.0267818456977,0.0267818456977,0.0267818456977,0.0267818456977,0.0305249284728,0.0267818456977,0.0267818456977,0.0326128824468,0.0305249284728,0.0333466775458,0.0285880476736,0.0326128824468,0.0305249284728,0.0348774853656,0.0326128824468,0.0305249284728,0.0326128824468,0.0305249284728,0.0305249284728,0.0326128824468,0.0305249284728,0.0305249284728,0.0305249284728,0.0305249284728,0.0298636147325,0.0305249284728,0.0267818456977,0.0267818456977,0.0267818456977,0.0305249284728,0.0267818456977,0.0292182378244,0.0305249284728,0.0326128824468,0.0305249284728,0.0305249284728,0.0267818456977,0.0305249284728,0.0305249284728,0.0305249284728,0.0333466775458,0.0305249284728,0.0267818456977
yingyongbao_02184E7EBC32E0F964C4F956787A29DC,0.00992698571353,0.00890113069171,0.00870970098619,0.00992698571353,0.00870970098619,0.00870970098619,0.00992698571353,0.00870970098619,0.00870970098619,0.00870970098619,0.00870970098619,0.00992698571353,0.00870970098619,0.00870970098619,0.0106060074281,0.00992698571353,0.0108446443007,0.00929709437604,0.0106060074281,0.00992698571353,0.011342476994,0.0106060074281,0.00992698571353,0.0106060074281,0.00992698571353,0.00992698571353,0.0106060074281,0.00992698571353,0.00992698571353,0.00992698571353,0.00992698571353,0.0097119204413,0.00992698571353,0.00870970098619,0.00870970098619,0.00870970098619,0.00992698571353,0.00870970098619,0.00950203797254,0.00992698571353,0.0106060074281,0.00992698571353,0.00992698571353,0.00870970098619,0.00992698571353,0.00992698571353,0.00992698571353,0.0108446443007,0.00992698571353,0.00870970098619
yingyongbao_05F061BC881E55AE93F2CDE426034BFC,0.032594050371,0.0292257801609,0.0285972440026,0.032594050371,0.0285972440026,0.0285972440026,0.032594050371,0.0285972440026,0.0285972440026,0.0285972440026,0.0285972440026,0.032594050371,0.0285972440026,0.0285972440026,0.0348235355952,0.032594050371,0.0356070707455,0.0305258787653,0.0348235355952,0.032594050371,0.0372416438528,0.0348235355952,0.032594050371,0.0348235355952,0.032594050371,0.032594050371,0.0348235355952,0.032594050371,0.032594050371,0.032594050371,0.032594050371,0.0318879097036,0.032594050371,0.0285972440026,0.0285972440026,0.0285972440026,0.032594050371,0.0285972440026,0.0311987861413,0.032594050371,0.0348235355952,0.032594050371,0.032594050371,0.0285972440026,0.032594050371,0.032594050371,0.032594050371,0.0356070707455,0.032594050371,0.0285972440026
yingyongbao_12D82B811EF228D0E30CE97E820DB7AE,0.0349093958246,0.0313018577412,0.0306286729946,0.0349093958246,0.0306286729946,0.0306286729946,0.0349093958246,0.0306286729946,0.0306286729946,0.0306286729946,0.0306286729946,0.0349093958246,0.0306286729946,0.0306286729946,0.0372972543845,0.0349093958246,0.0381364486053,0.0326943099304,0.0372972543845,0.0349093958246,0.0398871349717,0.0372972543845,0.0349093958246,0.0372972543845,0.0349093958246,0.0349093958246,0.0372972543845,0.0349093958246,0.0349093958246,0.0349093958246,0.0349093958246,0.0341530938682,0.0349093958246,0.0306286729946,0.0306286729946,0.0306286729946,0.0349093958246,0.0306286729946,0.0334150178409,0.0349093958246,0.0372972543845,0.0349093958246,0.0349093958246,0.0306286729946,0.0349093958246,0.0349093958246,0.0349093958246,0.0381364486053,0.0349093958246,0.0306286729946
VirusShare_0a0c9f3940548d446e5ed67cdcd280c7,0.00510346370227,0.0045760715997,0.0044776575814,0.00510346370227,0.0044776575814,0.0044776575814,0.00510346370227,0.0044776575814,0.0044776575814,0.0044776575814,0.0044776575814,0.00510346370227,0.0044776575814,0.0044776575814,0.00545254878949,0.00510346370227,0.00557523201399,0.00477963654366,0.00545254878949,0.00510346370227,0.00583116781906,0.00545254878949,0.00510346370227,0.00545254878949,0.00510346370227,0.00510346370227,0.00545254878949,0.00510346370227,0.00510346370227,0.00510346370227,0.00510346370227,0.0049928986383,0.00510346370227,0.0044776575814,0.0044776575814,0.0044776575814,0.00510346370227,0.0044776575814,0.00488499805378,0.00510346370227,0.00545254878949,0.00510346370227,0.00510346370227,0.0044776575814,0.00510346370227,0.00510346370227,0.00510346370227,0.00557523201399,0.00510346370227,0.0044776575814
VirusShare_00db533cc2dbd1a135f56386faa4815a,0.0295896454993,0.026531850585,0.025961250678,0.0295896454993,0.025961250678,0.025961250678,0.0295896454993,0.025961250678,0.025961250678,0.025961250678,0.025961250678,0.0295896454993,0.025961250678,0.025961250678,0.0316136246206,0.0295896454993,0.0323249362579,0.0277121106748,0.0316136246206,0.0295896454993,0.0338088401679,0.0316136246206,0.0295896454993,0.0316136246206,0.0295896454993,0.0295896454993,0.0316136246206,0.0295896454993,0.0295896454993,0.0295896454993,0.0295896454993,0.0289485943939,0.0295896454993,0.025961250678,0.025961250678,0.025961250678,0.0295896454993,0.025961250678,0.0283229918167,0.0295896454993,0.0316136246206,0.0295896454993,0.0295896454993,0.025961250678,0.0295896454993,0.0295896454993,0.0295896454993,0.0323249362579,0.0295896454993,0.025961250678
